期号,开奖号码
2025100,"12,16,17,25,30,31,16"
2025099,"09,11,15,17,22,26,14"
2025098,"05,08,13,17,18,29,02"
2025097,"03,05,16,23,26,31,14"
2025096,"07,09,11,12,16,29,15"
2025095,"15,16,22,23,26,32,04"
2025094,"11,13,17,19,23,29,16"
2025093,"09,11,12,24,25,26,10"
2025092,"02,11,14,17,23,24,12"
2025091,"03,04,17,19,25,27,14"
2025090,"06,11,12,21,27,28,15"
2025089,"04,06,08,18,31,33,05"
2025088,"01,03,13,18,21,25,06"
2025087,"02,06,14,15,24,26,08"
2025086,"02,06,08,10,17,24,06"
2025085,"11,14,15,18,21,24,13"
2025084,"06,08,10,14,24,33,15"
2025083,"10,15,16,17,27,29,12"
2025082,"04,06,09,14,32,33,11"
2025081,"03,06,18,20,23,28,05"
2025080,"03,07,08,10,16,19,05"
2025079,"08,11,14,15,30,32,05"
2025078,"06,15,17,30,32,33,14"
2025077,"04,07,08,15,20,21,15"
2025076,"02,06,09,12,14,30,08"
